#Release 14.2 - par P.28xd (nt64)
#Copyright (c) 1995-2012 Xilinx, Inc.  All rights reserved.

#Wed Dec 14 23:12:04 2022

#
## NOTE: This file is designed to be imported into a spreadsheet program
# such as Microsoft Excel for viewing, printing and sorting. The |
# character is used as the data field separator. This file is also designed
# to support parsing.
#
#INPUT FILE:       apb_i2c_ic_map.ncd
#OUTPUT FILE:      apb_i2c_ic_pad.csv
#PART TYPE:        xc6slx9
#SPEED GRADE:      -3
#PACKAGE:          tqg144
#
# Pinout by Pin Number:
# 
# -----,-----,-----,-----,-----,-----,-----,-----,-----,-----,-----,-----,-----,-----,-----,
Pin Number,Signal Name,Pin Usage,Pin Name,Direction,IO Standard,IO Bank Number,Drive (mA),Slew Rate,Termination,IOB Delay,Voltage,Constraint,IO Register,Signal Integrity,
P1,PADDR<31>,IOB,IO_L83N_VREF_3,INPUT,LVCMOS25*,3,,,,NONE,,UNLOCATED,NO,NONE,
P2,PADDR<30>,IOB,IO_L83P_3,INPUT,LVCMOS25*,3,,,,NONE,,UNLOCATED,NO,NONE,
P3,,,GND,,,,,,,,,,,,
P4,,,VCCO_3,,,3,,,,,2.50,,,,
P5,PADDR<29>,IOB,IO_L52N_3,INPUT,LVCMOS25*,3,,,,NONE,,UNLOCATED,NO,NONE,
P6,PADDR<28>,IOB,IO_L52P_3,INPUT,LVCMOS25*,3,,,,NONE,,UNLOCATED,NO,NONE,
P7,PADDR<27>,IOB,IO_L51N_3,INPUT,LVCMOS25*,3,,,,NONE,,UNLOCATED,NO,NONE,
P8,PADDR<26>,IOB,IO_L51P_3,INPUT,LVCMOS25*,3,,,,NONE,,UNLOCATED,NO,NONE,
P9,PADDR<25>,IOB,IO_L50N_3,INPUT,LVCMOS25*,3,,,,NONE,,UNLOCATED,NO,NONE,
P10,PADDR<24>,IOB,IO_L50P_3,INPUT,LVCMOS25*,3,,,,NONE,,UNLOCATED,NO,NONE,
P11,i2c_scl,IOB,IO_L49N_3,OUTPUT,LVCMOS25*,3,12,SLOW,,,,UNLOCATED,NO,NONE,
P12,PWDATA<31>,IOB,IO_L49P_3,INPUT,LVCMOS25*,3,,,,NONE,,UNLOCATED,NO,NONE,
P13,,,GND,,,,,,,,,,,,
P14,PCLK,IOB,IO_L44N_GCLK20_3,INPUT,LVCMOS25*,3,,,,NONE,,UNLOCATED,NO,NONE,
P15,PWDATA<30>,IOB,IO_L44P_GCLK21_3,INPUT,LVCMOS25*,3,,,,NONE,,UNLOCATED,NO,NONE,
P16,PWDATA<29>,IOB,IO_L43N_GCLK22_IRDY2_3,INPUT,LVCMOS25*,3,,,,NONE,,UNLOCATED,NO,NONE,
P17,PWDATA<28>,IOB,IO_L43P_GCLK23_3,INPUT,LVCMOS25*,3,,,,NONE,,UNLOCATED,NO,NONE,
P18,,,VCCO_3,,,3,,,,,2.50,,,,
P19,,,VCCINT,,,,,,,,1.2,,,,
P20,,,VCCAUX,,,,,,,,2.5,,,,
P21,CLK,IOB,IO_L42N_GCLK24_3,INPUT,LVCMOS25*,3,,,,NONE,,UNLOCATED,NO,NONE,
P22,PWDATA<27>,IOB,IO_L42P_GCLK25_TRDY2_3,INPUT,LVCMOS25*,3,,,,NONE,,UNLOCATED,NO,NONE,
P23,PWDATA<26>,IOB,IO_L41N_GCLK26_3,INPUT,LVCMOS25*,3,,,,NONE,,UNLOCATED,NO,NONE,
P24,PWDATA<25>,IOB,IO_L41P_GCLK27_3,INPUT,LVCMOS25*,3,,,,NONE,,UNLOCATED,NO,NONE,
P25,,,GND,,,,,,,,,,,,
P26,PWDATA<24>,IOB,IO_L37N_3,INPUT,LVCMOS25*,3,,,,NONE,,UNLOCATED,NO,NONE,
P27,PWDATA<23>,IOB,IO_L37P_3,INPUT,LVCMOS25*,3,,,,NONE,,UNLOCATED,NO,NONE,
P28,,,VCCINT,,,,,,,,1.2,,,,
P29,PWDATA<22>,IOB,IO_L36N_3,INPUT,LVCMOS25*,3,,,,NONE,,UNLOCATED,NO,NONE,
P30,PWDATA<21>,IOB,IO_L36P_3,INPUT,LVCMOS25*,3,,,,NONE,,UNLOCATED,NO,NONE,
P31,,,VCCO_3,,,3,,,,,2.50,,,,
P32,PWDATA<20>,IOB,IO_L2N_3,INPUT,LVCMOS25*,3,,,,NONE,,UNLOCATED,NO,NONE,
P33,PWDATA<19>,IOB,IO_L2P_3,INPUT,LVCMOS25*,3,,,,NONE,,UNLOCATED,NO,NONE,
P34,PWDATA<18>,IOB,IO_L1N_VREF_3,INPUT,LVCMOS25*,3,,,,NONE,,UNLOCATED,NO,NONE,
P35,PWDATA<17>,IOB,IO_L1P_3,INPUT,LVCMOS25*,3,,,,NONE,,UNLOCATED,NO,NONE,
P36,,,VCCAUX,,,,,,,,2.5,,,,
P37,,,PROGRAM_B_2,,,,,,,,,,,,
P38,,IOBS,IO_L65N_CSO_B_2,UNUSED,,2,,,,,,,,,
P39,,IOBM,IO_L65P_INIT_B_2,UNUSED,,2,,,,,,,,,
P40,,IOBS,IO_L64N_D9_2,UNUSED,,2,,,,,,,,,
P41,,IOBM,IO_L64P_D8_2,UNUSED,,2,,,,,,,,,
P42,,,VCCO_2,,,2,,,,,2.50,,,,
P43,,IOBS,IO_L62N_D6_2,UNUSED,,2,,,,,,,,,
P44,,IOBM,IO_L62P_D5_2,UNUSED,,2,,,,,,,,,
P45,,IOBS,IO_L49N_D4_2,UNUSED,,2,,,,,,,,,
P46,,IOBM,IO_L49P_D3_2,UNUSED,,2,,,,,,,,,
P47,,IOBS,IO_L48N_RDWR_B_VREF_2,UNUSED,,2,,,,,,,,,
P48,,IOBM,IO_L48P_D7_2,UNUSED,,2,,,,,,,,,
P49,,,GND,,,,,,,,,,,,
P50,,IOBS,IO_L31N_GCLK30_D15_2,UNUSED,,2,,,,,,,,,
P51,,IOBM,IO_L31P_GCLK31_D14_2,UNUSED,,2,,,,,,,,,
P52,,,VCCINT,,,,,,,,1.2,,,,
P53,,,VCCAUX,,,,,,,,2.5,,,,
P54,,,GND,,,,,,,,,,,,
P55,,IOBS,IO_L30N_GCLK0_USERCCLK_2,UNUSED,,2,,,,,,,,,
P56,,IOBM,IO_L30P_GCLK1_D13_2,UNUSED,,2,,,,,,,,,
P57,,IOBS,IO_L14N_D12_2,UNUSED,,2,,,,,,,,,
P58,,IOBM,IO_L14P_D11_2,UNUSED,,2,,,,,,,,,
P59,,IOBS,IO_L13N_D10_2,UNUSED,,2,,,,,,,,,
P60,,IOBM,IO_L13P_M1_2,UNUSED,,2,,,,,,,,,
P61,PSLVERR,IOB,IO_L12N_D2_MISO3_2,OUTPUT,LVCMOS25*,2,12,SLOW,,,,UNLOCATED,NO,NONE,
P62,PENABLE,IOB,IO_L12P_D1_MISO2_2,INPUT,LVCMOS25*,2,,,,NONE,,UNLOCATED,NO,NONE,
P63,,,VCCO_2,,,2,,,,,2.50,,,,
P64,,IOBS,IO_L3N_MOSI_CSI_B_MISO0_2,UNUSED,,2,,,,,,,,,
P65,,IOBM,IO_L3P_D0_DIN_MISO_MISO1_2,UNUSED,,2,,,,,,,,,
P66,PSEL,IOB,IO_L2N_CMPMOSI_2,INPUT,LVCMOS25*,2,,,,NONE,,UNLOCATED,NO,NONE,
P67,PRESETn,IOB,IO_L2P_CMPCLK_2,INPUT,LVCMOS25*,2,,,,NONE,,UNLOCATED,NO,NONE,
P68,,,GND,,,,,,,,,,,,
P69,PWrite,IOB,IO_L1N_M0_CMPMISO_2,INPUT,LVCMOS25*,2,,,,NONE,,UNLOCATED,NO,NONE,
P70,PREADY,IOB,IO_L1P_CCLK_2,OUTPUT,LVCMOS25*,2,12,SLOW,,,,UNLOCATED,NO,NONE,
P71,,,DONE_2,,,,,,,,,,,,
P72,,,CMPCS_B_2,,,,,,,,,,,,
P73,,,SUSPEND,,,,,,,,,,,,
P74,PWDATA<16>,IOB,IO_L74N_DOUT_BUSY_1,INPUT,LVCMOS25*,1,,,,NONE,,UNLOCATED,NO,NONE,
P75,PWDATA<15>,IOB,IO_L74P_AWAKE_1,INPUT,LVCMOS25*,1,,,,NONE,,UNLOCATED,NO,NONE,
P76,,,VCCO_1,,,1,,,,,2.50,,,,
P77,,,GND,,,,,,,,,,,,
P78,PWDATA<14>,IOB,IO_L47N_1,INPUT,LVCMOS25*,1,,,,NONE,,UNLOCATED,NO,NONE,
P79,PWDATA<13>,IOB,IO_L47P_1,INPUT,LVCMOS25*,1,,,,NONE,,UNLOCATED,NO,NONE,
P80,PWDATA<7>,IOB,IO_L46N_1,INPUT,LVCMOS25*,1,,,,NONE,,UNLOCATED,NO,NONE,
P81,PWDATA<12>,IOB,IO_L46P_1,INPUT,LVCMOS25*,1,,,,NONE,,UNLOCATED,NO,NONE,
P82,PWDATA<10>,IOB,IO_L45N_1,INPUT,LVCMOS25*,1,,,,NONE,,UNLOCATED,NO,NONE,
P83,i2c_sda,IOB,IO_L45P_1,BIDIR,LVCMOS25*,1,12,SLOW,,NONE,,UNLOCATED,NO,NONE,
P84,PWDATA<8>,IOB,IO_L43N_GCLK4_1,INPUT,LVCMOS25*,1,,,,NONE,,UNLOCATED,NO,NONE,
P85,PWDATA<11>,IOB,IO_L43P_GCLK5_1,INPUT,LVCMOS25*,1,,,,NONE,,UNLOCATED,NO,NONE,
P86,,,VCCO_1,,,1,,,,,2.50,,,,
P87,PWDATA<6>,IOB,IO_L42N_GCLK6_TRDY1_1,INPUT,LVCMOS25*,1,,,,NONE,,UNLOCATED,NO,NONE,
P88,PWDATA<9>,IOB,IO_L42P_GCLK7_1,INPUT,LVCMOS25*,1,,,,NONE,,UNLOCATED,NO,NONE,
P89,,,VCCINT,,,,,,,,1.2,,,,
P90,,,VCCAUX,,,,,,,,2.5,,,,
P91,,,GND,,,,,,,,,,,,
P92,PWDATA<4>,IOB,IO_L41N_GCLK8_1,INPUT,LVCMOS25*,1,,,,NONE,,UNLOCATED,NO,NONE,
P93,PWDATA<3>,IOB,IO_L41P_GCLK9_IRDY1_1,INPUT,LVCMOS25*,1,,,,NONE,,UNLOCATED,NO,NONE,
P94,PWDATA<2>,IOB,IO_L40N_GCLK10_1,INPUT,LVCMOS25*,1,,,,NONE,,UNLOCATED,NO,NONE,
P95,PWDATA<5>,IOB,IO_L40P_GCLK11_1,INPUT,LVCMOS25*,1,,,,NONE,,UNLOCATED,NO,NONE,
P96,,,GND,,,,,,,,,,,,
P97,PWDATA<0>,IOB,IO_L34N_1,INPUT,LVCMOS25*,1,,,,NONE,,UNLOCATED,NO,NONE,
P98,PWDATA<1>,IOB,IO_L34P_1,INPUT,LVCMOS25*,1,,,,NONE,,UNLOCATED,NO,NONE,
P99,PRDATA<31>,IOB,IO_L33N_1,OUTPUT,LVCMOS25*,1,12,SLOW,,,,UNLOCATED,NO,NONE,
P100,PRDATA<30>,IOB,IO_L33P_1,OUTPUT,LVCMOS25*,1,12,SLOW,,,,UNLOCATED,NO,NONE,
P101,PRDATA<29>,IOB,IO_L32N_1,OUTPUT,LVCMOS25*,1,12,SLOW,,,,UNLOCATED,NO,NONE,
P102,PRDATA<28>,IOB,IO_L32P_1,OUTPUT,LVCMOS25*,1,12,SLOW,,,,UNLOCATED,NO,NONE,
P103,,,VCCO_1,,,1,,,,,2.50,,,,
P104,PRDATA<27>,IOB,IO_L1N_VREF_1,OUTPUT,LVCMOS25*,1,12,SLOW,,,,UNLOCATED,NO,NONE,
P105,PRDATA<26>,IOB,IO_L1P_1,OUTPUT,LVCMOS25*,1,12,SLOW,,,,UNLOCATED,NO,NONE,
P106,,,TDO,,,,,,,,,,,,
P107,,,TMS,,,,,,,,,,,,
P108,,,GND,,,,,,,,,,,,
P109,,,TCK,,,,,,,,,,,,
P110,,,TDI,,,,,,,,,,,,
P111,PRDATA<25>,IOB,IO_L66N_SCP0_0,OUTPUT,LVCMOS25*,0,12,SLOW,,,,UNLOCATED,NO,NONE,
P112,PRDATA<24>,IOB,IO_L66P_SCP1_0,OUTPUT,LVCMOS25*,0,12,SLOW,,,,UNLOCATED,NO,NONE,
P113,,,GND,,,,,,,,,,,,
P114,PRDATA<23>,IOB,IO_L65N_SCP2_0,OUTPUT,LVCMOS25*,0,12,SLOW,,,,UNLOCATED,NO,NONE,
P115,PRDATA<22>,IOB,IO_L65P_SCP3_0,OUTPUT,LVCMOS25*,0,12,SLOW,,,,UNLOCATED,NO,NONE,
P116,PRDATA<21>,IOB,IO_L64N_SCP4_0,OUTPUT,LVCMOS25*,0,12,SLOW,,,,UNLOCATED,NO,NONE,
P117,PRDATA<20>,IOB,IO_L64P_SCP5_0,OUTPUT,LVCMOS25*,0,12,SLOW,,,,UNLOCATED,NO,NONE,
P118,PRDATA<19>,IOB,IO_L63N_SCP6_0,OUTPUT,LVCMOS25*,0,12,SLOW,,,,UNLOCATED,NO,NONE,
P119,PRDATA<18>,IOB,IO_L63P_SCP7_0,OUTPUT,LVCMOS25*,0,12,SLOW,,,,UNLOCATED,NO,NONE,
P120,PRDATA<17>,IOB,IO_L62N_VREF_0,OUTPUT,LVCMOS25*,0,12,SLOW,,,,UNLOCATED,NO,NONE,
P121,PRDATA<16>,IOB,IO_L62P_0,OUTPUT,LVCMOS25*,0,12,SLOW,,,,UNLOCATED,NO,NONE,
P122,,,VCCO_0,,,0,,,,,2.50,,,,
P123,PRDATA<15>,IOB,IO_L37N_GCLK12_0,OUTPUT,LVCMOS25*,0,12,SLOW,,,,UNLOCATED,NO,NONE,
P124,PRDATA<14>,IOB,IO_L37P_GCLK13_0,OUTPUT,LVCMOS25*,0,12,SLOW,,,,UNLOCATED,NO,NONE,
P125,,,VCCO_0,,,0,,,,,2.50,,,,
P126,PRDATA<13>,IOB,IO_L36N_GCLK14_0,OUTPUT,LVCMOS25*,0,12,SLOW,,,,UNLOCATED,NO,NONE,
P127,PRDATA<12>,IOB,IO_L36P_GCLK15_0,OUTPUT,LVCMOS25*,0,12,SLOW,,,,UNLOCATED,NO,NONE,
P128,,,VCCINT,,,,,,,,1.2,,,,
P129,,,VCCAUX,,,,,,,,2.5,,,,
P130,,,GND,,,,,,,,,,,,
P131,PRDATA<11>,IOB,IO_L35N_GCLK16_0,OUTPUT,LVCMOS25*,0,12,SLOW,,,,UNLOCATED,NO,NONE,
P132,PRDATA<10>,IOB,IO_L35P_GCLK17_0,OUTPUT,LVCMOS25*,0,12,SLOW,,,,UNLOCATED,NO,NONE,
P133,PRDATA<9>,IOB,IO_L34N_GCLK18_0,OUTPUT,LVCMOS25*,0,12,SLOW,,,,UNLOCATED,NO,NONE,
P134,PRDATA<8>,IOB,IO_L34P_GCLK19_0,OUTPUT,LVCMOS25*,0,12,SLOW,,,,UNLOCATED,NO,NONE,
P135,,,VCCO_0,,,0,,,,,2.50,,,,
P136,,,GND,,,,,,,,,,,,
P137,PRDATA<7>,IOB,IO_L4N_0,OUTPUT,LVCMOS25*,0,12,SLOW,,,,UNLOCATED,NO,NONE,
P138,PRDATA<6>,IOB,IO_L4P_0,OUTPUT,LVCMOS25*,0,12,SLOW,,,,UNLOCATED,NO,NONE,
P139,PRDATA<5>,IOB,IO_L3N_0,OUTPUT,LVCMOS25*,0,12,SLOW,,,,UNLOCATED,NO,NONE,
P140,PRDATA<4>,IOB,IO_L3P_0,OUTPUT,LVCMOS25*,0,12,SLOW,,,,UNLOCATED,NO,NONE,
P141,PRDATA<3>,IOB,IO_L2N_0,OUTPUT,LVCMOS25*,0,12,SLOW,,,,UNLOCATED,NO,NONE,
P142,PRDATA<2>,IOB,IO_L2P_0,OUTPUT,LVCMOS25*,0,12,SLOW,,,,UNLOCATED,NO,NONE,
P143,PRDATA<1>,IOB,IO_L1N_VREF_0,OUTPUT,LVCMOS25*,0,12,SLOW,,,,UNLOCATED,NO,NONE,
P144,PRDATA<0>,IOB,IO_L1P_HSWAPEN_0,OUTPUT,LVCMOS25*,0,12,SLOW,,,,UNLOCATED,NO,NONE,

# -----,-----,-----,-----,-----,-----,-----,-----,-----,-----,-----,-----,-----,-----,-----,
# 
#* Default value.
#** This default Pullup/Pulldown value can be overridden in Bitgen. 
#****** Special VCCO requirements may apply. Please consult the device 
#       family datasheet for specific guideline on VCCO requirements. 
#
#
#